{
  "users": {
    "6285733109868@s.whatsapp.net": {
      "status_deposit": false
    },
    "6287853671439@s.whatsapp.net": {
      "status_deposit": false
    },
    "120363257033988496@newsletter": {
      "status_deposit": false
    },
    "6287786022446@s.whatsapp.net": {
      "status_deposit": false
    },
    "6285293390557@s.whatsapp.net": {
      "status_deposit": false
    },
    "6285141490126@s.whatsapp.net": {
      "status_deposit": false
    },
    "6285691758117@s.whatsapp.net": {
      "status_deposit": false
    },
    "62881012027490@s.whatsapp.net": {
      "status_deposit": false
    },
    "62895419487553@s.whatsapp.net": {
      "status_deposit": false
    },
    "6281617922470@s.whatsapp.net": {
      "status_deposit": false
    },
    "6281323021833@s.whatsapp.net": {
      "status_deposit": false
    },
    "6283129336849@s.whatsapp.net": {
      "status_deposit": false
    },
    "62881022627507@s.whatsapp.net": {
      "status_deposit": false
    },
    "6283893140643@s.whatsapp.net": {
      "status_deposit": false
    },
    "6285811052663@s.whatsapp.net": {
      "status_deposit": false
    },
    "6285800129655@s.whatsapp.net": {
      "status_deposit": false
    },
    "6283133266357@s.whatsapp.net": {
      "status_deposit": false
    },
    "6285922335483@s.whatsapp.net": {
      "status_deposit": false
    },
    "6283119032689@s.whatsapp.net": {
      "status_deposit": false
    },
    "6281263053099@s.whatsapp.net": {
      "status_deposit": false
    },
    "6285889398758@s.whatsapp.net": {
      "status_deposit": false
    },
    "6288212203152@s.whatsapp.net": {
      "status_deposit": false
    },
    "6281244530486@s.whatsapp.net": {
      "status_deposit": false
    },
    "628989291148@s.whatsapp.net": {
      "status_deposit": false
    },
    "6285184600286@s.whatsapp.net": {
      "status_deposit": false
    },
    "62858571412579@s.whatsapp.net": {
      "status_deposit": false
    },
    "6283847120570@s.whatsapp.net": {
      "status_deposit": false
    },
    "62882005831116@s.whatsapp.net": {
      "status_deposit": false
    },
    "6285800620104@s.whatsapp.net": {
      "status_deposit": false
    },
    "6285861884442@s.whatsapp.net": {
      "status_deposit": false
    },
    "6287832160056@s.whatsapp.net": {
      "status_deposit": false
    },
    "6281398960812@s.whatsapp.net": {
      "status_deposit": false
    },
    "6287822349047@s.whatsapp.net": {
      "status_deposit": false
    },
    "6285712354940@s.whatsapp.net": {
      "status_deposit": false
    },
    "62895351690902@s.whatsapp.net": {
      "status_deposit": false
    },
    "233205433550@s.whatsapp.net": {
      "status_deposit": false
    },
    "6285842278550@s.whatsapp.net": {
      "status_deposit": false
    },
    "120363254526002326@newsletter": {
      "status_deposit": false
    },
    "6285602987395@s.whatsapp.net": {
      "status_deposit": false
    },
    "6281324160351@s.whatsapp.net": {
      "status_deposit": false
    },
    "6283192830198@s.whatsapp.net": {
      "status_deposit": false
    },
    "6282338244405@s.whatsapp.net": {
      "status_deposit": false
    },
    "6283837707029@s.whatsapp.net": {
      "status_deposit": false
    },
    "6281936755900@s.whatsapp.net": {
      "status_deposit": false
    },
    "6287875102482@s.whatsapp.net": {
      "status_deposit": false
    },
    "6283821157661@s.whatsapp.net": {
      "status_deposit": false
    },
    "6285751951018@s.whatsapp.net": {
      "status_deposit": false
    },
    "628816226737@s.whatsapp.net": {
      "status_deposit": false
    },
    "6288214026371@s.whatsapp.net": {
      "status_deposit": false
    },
    "6285813482389@s.whatsapp.net": {
      "status_deposit": false
    },
    "628386045434@s.whatsapp.net": {
      "status_deposit": false
    },
    "6289524186155@s.whatsapp.net": {
      "status_deposit": false
    },
    "6283866043444@s.whatsapp.net": {
      "status_deposit": false
    },
    "6287823170548@s.whatsapp.net": {
      "status_deposit": false
    },
    "6285731947860@s.whatsapp.net": {
      "status_deposit": false
    }
  },
  "groups": {
    "120363037799847826@g.us": {
      "antilink": false,
      "antilink2": false,
      "welcome": false,
      "mute": false,
      "simi": false,
      "blacklistjpm": false
    },
    "120363050499384360@g.us": {
      "antilink": false,
      "antilink2": false,
      "welcome": false,
      "mute": false,
      "simi": false,
      "blacklistjpm": false
    },
    "120363023058125003@g.us": {
      "antilink": false,
      "antilink2": false,
      "welcome": false,
      "mute": false,
      "simi": false,
      "blacklistjpm": false
    },
    "6283192830198-1634540618@g.us": {
      "antilink": false,
      "antilink2": false,
      "welcome": false,
      "mute": false,
      "simi": false,
      "blacklistjpm": false
    }
  },
  "database": {},
  "settings": {
    "anticall": false,
    "autobio": false,
    "autoread": false,
    "autopromosi": false,
    "autotyping": false,
    "readsw": false
  }
}